Código,Município,População,Taxa de alfabetização,PIB,PIB per capita,Renda per capita,Homicídios por 100 mil hab.,Expectativa de vida 2010,IDHM 2010
4300034,Aceguá,4.170,"0,9595252587",458.224,"109.885,85",693,"20,07","76,14","0,687"
4300059,Água Santa,3.912,"0,960208741",547.412,"139.931,49",997,"53,5",76,"0,75"
4300109,Agudo,16.039,"0,9546635008",667.873,"41.640,56",748,"18,35","75,84","0,694"
4300208,Ajuricaba,6.720,"0,9680888575",521.059,"77.538,54",828,0,"75,98","0,753"
4300307,Alecrim,6.123,"0,940861244",162.072,"26.469,38",483,"17,51","76,13","0,672"
4300406,Alegrete,72.409,"0,9573936518",3.079.871,"42.534,37",648,"20,69","75,93","0,74"
4300455,Alegria,3.651,"0,9380473565",156.622,"42.898,38",670,"30,42","74,07","0,695"
4300471,Almirante Tamandaré do Sul,1.969,"0,9703337454",276.411,"140.381,41",654,0,"74,67","0,74"
4300505,Alpestre,7.117,"0,9112970711",196.381,"27.593,23",492,"50,97","72,69","0,671"
4300554,Alto Alegre,1.800,"0,9493670886",106.141,"58.967,22",727,0,"76,52","0,747"
4300570,Alto Feliz,3.072,"0,984351145",161.548,"52.587,24",686,0,"78,14","0,734"
4300604,Alvorada,187.315,"0,9735906483",3.302.248,"17.629,38",519,"36,73","77,41","0,699"
4300638,Amaral Ferrador,5.310,"0,9287514318",147.632,"27.802,64",419,"56,05","73,13","0,624"
4300646,Ametista do Sul,7.650,"0,926477655",177.770,"23.237,91",591,"13,52","73,54","0,682"
4300661,André da Rocha,1.135,"0,9566596195",193.089,"170.122,47",709,"74,01","75,19","0,72"
4300703,Anta Gorda,5.957,"0,9706112853",322.292,"54.103,07",703,"16,83","77,08","0,74"
4300802,Antônio Prado,12.980,"0,9681238616",797.510,"61.441,45",827,23,"75,07","0,758"
4300851,Arambaré,4.112,"0,9449091434",285.088,"69.330,74",559,0,"74,98","0,691"
4300877,Araricá,8.525,"0,9692878338",236.430,"27.733,72",552,"17,12","74,41","0,679"
4300901,Aratiba,6.483,"0,9689586717",946.969,"146.069,57",853,0,"76,38","0,772"
4301008,Arroio do Meio,21.963,"0,9834269354",1.536.556,"69.961,12",815,"18,93","76,62","0,769"
4301073,Arroio do Padre,2.599,"0,9658158614",76.784,"29.543,67",662,0,"76,59","0,669"
4301057,Arroio do Sal,11.057,"0,9772702317",285.577,"25.827,71",689,"9,53","75,61","0,74"
4301206,Arroio do Tigre,12.058,"0,9412823847",429.271,"35.600,51",537,0,"75,9","0,707"
4301107,Arroio dos Ratos,14.601,"0,953578678",357.345,"24.474,01",537,0,"74,98","0,698"
4301305,Arroio Grande,17.558,"0,9422280508",1.131.508,"64.444,01",488,0,"73,43","0,657"
4301404,Arvorezinha,10.322,"0,9529329933",336.246,"32.575,66",593,"38,38","74,04","0,694"
4301503,Augusto Pestana,7.149,"0,9733576038",504.183,"70.524,97",953,"15,27","75,84","0,743"
4301552,Áurea,3.396,"0,972392638",163.438,"48.126,62",575,0,"75,48","0,707"
4301602,Bagé,117.938,"0,9654089367",3.748.409,"31.782,88",662,"12,34","75,86","0,74"
4301636,Balneário Pinhal,14.955,"0,9576698083",312.091,"20.868,67",603,"27,31","75,17","0,696"
4301651,Barão,6.461,"0,9735012216",308.101,"47.686,27",780,"16,04","75,14","0,748"
4301701,Barão de Cotegipe,7.144,"0,9687552214",341.672,"47.826,43",660,"15,11","75,49","0,719"
4301750,Barão do Triunfo,5.889,"0,9199353013",142.318,"24.166,75",461,"13,24","74,28","0,61"
4301859,Barra do Guarita,3.161,"0,9360749186",56.811,"17.972,48",483,"61,23","75,68","0,734"
4301875,Barra do Quaraí,4.241,"0,9561266061",386.181,"91.058,95",366,0,"73,13","0,662"
4301909,Barra do Ribeiro,12.225,"0,9503489531",505.591,"41.357,14",551,"7,34","74,32","0,67"
4301925,Barra do Rio Azul,1.696,"0,9563172043",80.747,"47.610,26",612,0,"75,5","0,723"
4301958,Barra Funda,2.498,"0,9658160809",165.029,"66.064,45",687,0,"76,36","0,763"
4301800,Barracão,4.831,"0,934651978",317.083,"65.635,07",580,0,"78,12","0,71"
4302006,Barros Cassal,9.296,"0,8838785351",244.512,"26.302,93",469,"8,95","72,71","0,65"
4302055,Benjamin Constant do Sul,2.082,"0,8782608696",49.313,"23.685,40",319,0,"73,03","0,619"
4302105,Bento Gonçalves,123.151,"0,9835535",7.498.499,"60.888,66",1011,"28,43","75,52","0,778"
4302154,Boa Vista das Missões,1.933,"0,9475728155",238.521,"123.394,21",508,0,"74,5","0,676"
4302204,Boa Vista do Buricá,6.966,"0,9818025751",326.885,"46.925,78",801,"14,89","75,02","0,762"
4302220,Boa Vista do Cadeado,2.229,"0,9582417582",468.750,"210.296,10",744,0,"76,04","0,703"
4302238,Boa Vista do Incra,2.271,"0,9706521739",384.172,"169.164,24",625,0,"77,02","0,731"
4302253,Boa Vista do Sul,2.779,"0,9561802398",120.127,"43.226,70",816,0,"76,11","0,728"
4302303,Bom Jesus,11.202,"0,9334400732",613.622,"54.777,90",503,0,"74,89","0,666"
4302352,Bom Princípio,13.132,"0,9871924813",906.593,"69.036,93",748,"6,92","75,18","0,746"
4302378,Bom Progresso,2.096,"0,9111764706",86.279,"41.163,65",527,0,"75,42","0,723"
4302402,Bom Retiro do Sul,12.294,"0,9703970397",403.054,"32.784,61",651,"24,1","76,39","0,739"
4302451,Boqueirão do Leão,6.247,"0,9229279628",150.393,"24.074,44",555,0,"75,59","0,7"
4302501,Bossoroca,5.890,"0,9249743063",490.597,"83.293,21",486,"16,29","74,24","0,692"
4302584,Bozano,2.151,"0,9628169014",227.409,"105.722,45",772,0,"76,18","0,745"
4302600,Braga,3.268,"0,9075757576",130.948,"40.069,77",459,0,"74,81","0,674"
4302659,Brochier,4.966,"0,9640009664",117.700,"23.701,17",626,0,"76,06","0,699"
4302709,Butiá,19.084,"0,9461159383",543.347,"28.471,34",520,"28,62","75,85","0,689"
4302808,Caçapava do Sul,32.515,"0,9420198577",1.122.667,"34.527,66",541,"5,97","76,27","0,704"
4302907,Cacequi,11.157,"0,9359492841",623.085,"55.847,00",506,"8,13","73,39","0,7"
4303004,Cachoeira do Sul,80.070,"0,9518384022",3.542.693,"44.244,95",667,"3,67","76,22","0,742"
4303103,Cachoeirinha,136.258,"0,9816879341",6.458.476,"47.398,88",734,"9,08","76,42","0,757"
4303202,Cacique Doble,4.603,"0,938587243",169.235,"36.766,24",477,"59,02","73,57","0,662"
4303301,Caibaté,4.704,"0,9587732529",264.915,"56.316,96",586,0,"76,39","0,719"
4303400,Caiçara,4.836,"0,9549704724",152.840,"31.604,63",599,0,74,"0,699"
4303509,Camaquã,62.200,"0,9518497349",2.723.662,"43.788,78",592,"23,99","74,14","0,697"
4303558,Camargo,2.981,"0,9626896269",520.481,"174.599,46",837,0,"76,25","0,736"
4303608,Cambará do Sul,6.361,"0,9616519174",242.576,"38.134,88",565,"15,66","75,25","0,697"
4303673,Campestre da Serra,3.242,"0,9585016526",204.702,"63.140,65",652,"29,39","78,13","0,706"
4303707,Campina das Missões,5.882,"0,9786180954",239.168,"40.661,00",580,"18,77","75,91","0,738"
4303806,Campinas do Sul,5.284,"0,9578501338",399.402,"75.587,06",741,0,"75,49","0,76"
4303905,Campo Bom,62.886,"0,9814223512",3.600.068,"57.247,53",751,"22,86","76,11","0,745"
4304002,Campo Novo,4.975,"0,9158832261",325.738,"65.474,97",534,"46,8","76,94","0,703"
4304101,Campos Borges,3.613,"0,9324048913",150.033,"41.525,88",545,"30,56","74,16","0,708"
4304200,Candelária,28.906,"0,940366592",1.078.186,"37.299,73",540,"28,59","75,49","0,674"
4304309,Cândido Godói,6.294,"0,9713168188",358.436,"56.948,84",609,0,"76,17","0,728"
4304358,Candiota,10.710,"0,9548656716",2.744.006,"256.209,71",588,"20,6","76,57","0,698"
4304408,Canela,48.946,"0,9750472976",1.595.255,"32.592,14",707,"30,46","75,92","0,748"
4304507,Canguçu,49.680,"0,9391854771",1.660.002,"33.413,89",462,"5,32","74,15","0,65"
4304606,Canoas,347.657,"0,9817930423",21.995.362,"63.267,42",800,"20,3","76,83","0,75"
4304614,Canudos do Vale,1.656,"0,9333333333",67.987,"41.054,95",1028,0,"75,38","0,713"
4304622,Capão Bonito do Sul,1.733,"0,9336626676",342.052,"197.375,65",455,0,"71,73","0,637"
4304630,Capão da Canoa,63.594,"0,9773894351",1.966.012,"30.915,05",726,"19,99","76,11","0,743"
4304655,Capão do Cipó,3.119,"0,9688958009",644.964,"206.785,51",761,0,"76,61","0,672"
4304663,Capão do Leão,26.487,"0,9506231794",830.082,"31.339,22",439,"11,78","73,81","0,637"
4304689,Capela de Santana,11.159,"0,955017301",298.585,"26.757,33",492,"8,2","73,93","0,661"
4304697,Capitão,2.917,"0,9611041405",95.378,"32.697,29",751,0,"75,49","0,746"
4304671,Capivari do Sul,3.991,"0,9553739786",386.832,"96.926,08",850,0,"75,17","0,766"
4304713,Caraá,7.360,"0,9280772325",165.659,"22.508,02",453,0,"74,79","0,652"
4304705,Carazinho,61.804,"0,9711603485",3.846.847,"62.242,69",762,"25,63","75,42","0,766"
4304804,Carlos Barbosa,30.418,"0,980664724",3.529.578,"116.035,83",1013,"9,79","75,07","0,796"
4304853,Carlos Gomes,1.368,"0,9723386421",70.447,"51.496,35",596,0,"78,14","0,739"
4304903,Casca,9.465,"0,9776194049",717.919,"75.849,87",863,"11,02","75,81","0,785"
4304952,Caseiros,3.000,"0,9416118421",199.196,"66.398,67",533,"30,97","74,99","0,703"
4305009,Catuípe,8.674,"0,9580005508",638.109,"73.565,71",747,0,"75,52","0,739"
4305108,Caxias do Sul,463.338,"0,9834247076",31.688.460,"68.391,67",1039,"21,95","76,58","0,782"
4305116,Centenário,2.721,"0,9781771502",120.778,"44.387,36",558,"34,9","76,36","0,701"
4305124,Cerrito,5.808,"0,9237357259",161.327,"27.776,69",422,0,"74,41","0,649"
4305132,Cerro Branco,3.802,"0,9050195371",90.158,"23.713,31",451,0,"73,93","0,661"
4305157,Cerro Grande,2.379,"0,885075403",74.561,"31.341,32",429,0,"73,19","0,674"
4305173,Cerro Grande do Sul,9.178,"0,9295888202",203.183,"22.138,05",443,0,"76,28","0,66"
4305207,Cerro Largo,13.705,"0,9702308627",796.775,"58.137,54",732,"7,02","75,91","0,764"
4305306,Chapada,9.540,"0,9668998251",741.826,"77.759,54",717,0,"75,95","0,757"
4305355,Charqueadas,35.012,"0,9686039265",1.736.974,"49.610,82",660,"2,39","77,22","0,747"
4305371,Charrua,2.768,"0,9370386452",149.351,"53.956,29",576,0,"78,12","0,62"
4305405,Chiapetta,3.913,"0,9539184953",388.835,"99.370,05",770,0,"75,98","0,732"
4305439,Chuí,6.262,"0,982844604",370.301,"59.134,62",462,"14,63","72,52","0,706"
4305447,Chuvisca,4.597,"0,9284578696",129.739,"28.222,54",428,0,"74,1","0,616"
4305454,Cidreira,17.071,"0,9671047906",362.059,"21.209,01",684,"23,67","75,89","0,729"
4305504,Ciríaco,4.146,"0,9595756881",264.360,"63.762,66",582,0,"76,31","0,719"
4305587,Colinas,2.423,"0,9829517779",87.209,"35.992,16",896,0,"75,38","0,765"
4305603,Colorado,3.258,"0,959198282",338.157,"103.792,82",853,0,"75,07","0,758"
4305702,Condor,6.406,"0,9584450402",624.705,"97.518,73",634,"14,77","76,1","0,747"
4305801,Constantina,10.385,"0,9554297842",432.348,"41.631,97",616,"10,09","78,12","0,754"
4305835,Coqueiro Baixo,1.290,"0,9494128275",52.163,"40.436,43",639,0,"78,14","0,692"
4305850,Coqueiros do Sul,2.211,"0,96094168",190.144,"85.999,10",780,"44,11","75,42","0,746"
4305871,Coronel Barros,2.822,"0,9802271771",226.125,"80.129,34",891,-,"76,11","0,744"
4305900,Coronel Bicaco,6.144,"0,9130257248",515.152,"83.846,35",466,0,"73,19","0,665"
4305934,Coronel Pilar,1.607,"0,969972067",49.059,"30.528,31",818,0,"75,07","0,727"
4305959,Cotiporã,3.846,"0,9777580071",167.928,"43.663,03",743,"26,15","75,07","0,741"
4305975,Coxilha,2.667,"0,9597189696",422.464,"158.404,20",615,0,"76,93","0,706"
4306007,Crissiumal,12.886,"0,9631260319",508.976,"39.498,37",558,0,"75,11","0,712"
4306056,Cristal,7.299,"0,9278943805",308.906,"42.321,69",504,"36,94","74,57","0,644"
4306072,Cristal do Sul,2.692,"0,9171570847",94.740,"35.193,16",365,0,"74,56","0,66"
4306106,Cruz Alta,58.913,"0,9649864682",4.609.384,"78.240,52",734,"50,36","76,49","0,75"
4306130,Cruzaltense,1.635,"0,9396735273",144.763,"88.540,06",591,0,"75,92","0,719"
4306205,Cruzeiro do Sul,11.600,"0,9698086173",533.002,"45.948,45",674,"16,05","74,98","0,723"
4306304,David Canabarro,4.321,"0,9570068027",229.362,"53.080,77",624,0,"77,2","0,762"
4306320,Derrubadas,2.751,"0,9341290893",148.407,"53.946,56",465,0,"75,74","0,707"
4306353,Dezesseis de Novembro,2.507,"0,9069013432",57.174,"22.805,74",387,"42,9","73,55","0,654"
4306379,Dilermando de Aguiar,2.806,"0,9051870748",267.901,"95.474,34",470,0,"76,85","0,648"
4306403,Dois Irmãos,30.709,"0,9860789773",2.188.540,"71.267,06",807,"2,98","75,87","0,743"
4306429,Dois Irmãos das Missões,2.090,"0,8916315473",199.194,"95.308,13",483,0,"72,81","0,67"
4306452,Dois Lajeados,3.097,"0,9686081694",172.601,"55.731,68",813,0,"75,19","0,757"
4306502,Dom Feliciano,13.051,"0,9140661172",356.857,"27.343,27",404,"6,42","74,1","0,587"
4306601,Dom Pedrito,36.981,"0,9555731591",2.210.941,"59.785,86",570,"2,61","75,88","0,708"
4306551,Dom Pedro de Alcântara,2.562,"0,9701631702",65.533,"25.578,84",516,0,"74,21","0,691"
4306700,Dona Francisca,3.079,"0,965623793",106.596,"34.620,33",564,0,"74,84","0,697"
4306734,Doutor Maurício Cardoso,4.470,"0,9595130987",260.796,"58.343,62",595,"22,83","75,41","0,706"
4306759,Doutor Ricardo,1.888,"0,9762773723",78.890,"41.784,96",721,0,"76,3","0,724"
4306767,Eldorado do Sul,39.559,"0,9646466277",2.120.258,"53.597,36",597,"30,59","75,66","0,717"
4306809,Encantado,22.962,"0,9704030227",1.168.355,"50.882,11",839,"17,35","76,5","0,767"
4306908,Encruzilhada do Sul,23.819,"0,9275628282",1.080.943,"45.381,54",489,"30,72","77,5","0,657"
4306924,Engenho Velho,1.296,"0,9303030303",73.213,"56.491,51",667,"107,29","74,23","0,717"
4306957,Entre Rios do Sul,2.685,"0,9307107734",207.516,"77.287,15",536,"73,42","76,4","0,703"
4306932,Entre-Ijuís,9.158,"0,9569736842",687.576,"75.079,27",527,"11,97","74,74","0,68"
4306973,Erebango,3.054,"0,951320132",180.478,"59.095,61",581,"67,15","75,24","0,712"
4307005,Erechim,105.705,"0,9785797145",6.882.611,"65.111,50",885,"34,46","74,95","0,776"
4307054,Ernestina,3.034,"0,9747634069",265.548,"87.524,06",601,"31,53","76,25","0,716"
4307203,Erval Grande,4.930,"0,9083087512",150.882,"30.604,87",540,0,"78,12","0,681"
4307302,Erval Seco,6.787,"0,9259326993",353.967,"52.153,68",443,"14,93","74,28","0,685"
4307401,Esmeralda,3.195,"0,9389166347",392.859,"122.960,56",528,"60,77","74,64","0,68"
4307450,Esperança do Sul,3.226,"0,9327217125",116.730,"36.184,13",456,0,"72,25","0,661"
4307500,Espumoso,15.173,"0,9511203253",1.113.102,"73.360,71",720,"6,41","78,04","0,765"
4307559,Estação,5.582,"0,9763263581",350.706,"62.828,02",717,0,"75,55","0,753"
4307609,Estância Velha,47.912,"0,9835645896",1.875.488,"39.144,43",724,"1,94","78,23","0,757"
4307708,Esteio,76.137,"0,9802378482",3.749.878,"49.251,72",799,"14,39","75,57","0,754"
4307807,Estrela,32.183,"0,9796639805",2.171.441,"67.471,68",893,"8,65","75,97","0,767"
4307815,Estrela Velha,3.070,"0,9505582137",197.414,"64.304,23",507,0,"72,5","0,679"
4307831,Eugênio de Castro,2.633,"0,9564240791",405.443,"153.985,19",547,0,"78,11","0,712"
4307864,Fagundes Varela,2.566,"0,9756537421",197.918,"77.130,94",848,0,"76,14","0,763"
4307906,Farroupilha,69.885,"0,9804582674",4.398.447,"62.938,36",890,"14,91","76,68","0,777"
4308003,Faxinal do Soturno,6.702,"0,9660271079",270.105,"40.302,15",673,"45,1","76,21","0,72"
4308052,Faxinalzinho,2.520,"0,9191530318",103.166,"40.938,89",438,0,"73,03","0,666"
4308078,Fazenda Vilanova,4.291,"0,9555815313",140.822,"32.817,99",589,0,"75,45","0,698"
4308102,Feliz,13.764,"0,9863769615",589.352,"42.818,37",786,"7,28","75,8","0,75"
4308201,Flores da Cunha,30.892,"0,9786878233",2.538.136,"82.161,60",858,"15,94","75,95","0,754"
4308250,Floriano Peixoto,1.668,"0,9595687332",103.058,"61.785,37",588,0,"76,23","0,663"
4308300,Fontoura Xavier,9.550,"0,8837209302",227.468,"23.818,64",446,"39,28","73,69","0,661"
4308409,Formigueiro,6.413,"0,9183711766",302.799,"47.216,44",481,"15,22","75,3","0,682"
4308433,Forquetinha,2.393,"0,9439386679",58.939,"24.629,75",691,0,"78,13","0,683"
4308458,Fortaleza dos Valos,4.477,"0,9586169344",564.771,"126.149,43",850,"23,51","75,23","0,756"
4308508,Frederico Westphalen,32.627,"0,9662950869",1.430.606,"43.847,30",759,"15,78","75,76","0,76"
4308607,Garibaldi,34.335,"0,9811392449",2.997.963,"87.315,07",967,"8,38","76,35","0,786"
4308656,Garruchos,2.688,"0,9095343681",200.966,"74.764,14",437,"35,07","74,96","0,671"
4308706,Gaurama,5.665,"0,9667211107",282.771,"49.915,45",727,0,"76,09","0,738"
4308805,General Câmara,7.612,"0,9412984527",276.372,"36.307,41",564,"11,99","74,92","0,686"
4308854,Gentil,1.742,"0,9516943043",190.647,"109.441,45",630,0,"76,76","0,733"
4308904,Getúlio Vargas,16.602,"0,9693065007",793.661,"47.805,14",743,0,"75,55","0,746"
4309001,Giruá,16.013,"0,9533824311",1.202.941,"75.122,78",568,"12,71","75,52","0,721"
4309050,Glorinha,7.658,"0,9556165268",461.885,"60.314,05",652,0,"76,54","0,714"
4309100,Gramado,40.134,"0,9851372299",2.658.018,"66.228,58",877,"5,42","76,64","0,764"
4309126,Gramado dos Loureiros,2.014,"0,8612269208",94.579,"46.960,77",462,0,"74,91","0,685"
4309159,Gramado Xavier,3.304,"0,9166046165",109.481,"33.135,90",444,0,"72,5","0,634"
4309209,Gravataí,265.070,"0,9757633323",10.261.618,"38.712,86",663,"11,55","76,74","0,736"
4309258,Guabiju,1.417,"0,9667207792",132.787,"93.709,95",1092,0,"76,4","0,758"
4309308,Guaíba,92.924,"0,9764791433",8.284.804,"89.156,77",648,"18,3","74,99","0,73"
4309407,Guaporé,25.268,"0,9745555609",1.149.050,"45.474,51",850,"15,26","75,22","0,765"
4309506,Guarani das Missões,7.415,"0,9561029528",362.623,"48.903,98",581,"13,52","76,75","0,737"
4309555,Harmonia,5.378,"0,9859594384",245.496,"45.648,20",792,0,"75,47","0,749"
4307104,Herval,6.191,"0,9475878499",253.606,"40.963,66",562,"29,38","75,59","0,687"
4309571,Herveiras,2.526,"0,9209257473",71.142,"28.163,90",449,0,"72,5","0,616"
4309605,Horizontina,18.851,"0,9770298804",2.608.192,"138.358,28",829,"10,28","76,47","0,783"
4309654,Hulha Negra,5.976,"0,9366554054",314.486,"52.624,83",427,0,"72,75","0,643"
4309704,Humaitá,4.681,"0,9695060484",229.248,"48.974,15",724,0,"75,21","0,738"
4309753,Ibarama,3.732,"0,9353816915",112.226,"30.071,28",524,"45,52","72,5","0,652"
4309803,Ibiaçá,4.527,"0,9631062951",367.294,"81.134,08",845,0,"78,28","0,739"
4309902,Ibiraiaras,6.776,"0,9549231041",399.691,"58.986,28",647,0,"75,09","0,724"
4309951,Ibirapuitã,3.723,"0,9285714286",213.521,"57.351,87",502,"25,07","74,66","0,638"
4310009,Ibirubá,21.583,"0,9776918334",1.722.053,"79.787,47",959,"24,42","75,88","0,765"
4310108,Igrejinha,32.808,"0,9757307285",1.888.880,"57.573,76",701,"5,29","77,53","0,721"
4310207,Ijuí,84.726,"0,9707844723",5.190.378,"61.260,75",817,"14,27","76,48","0,781"
4310306,Ilópolis,4.157,"0,9456677152",140.569,"33.815,01",738,0,"76,94","0,73"
4310330,Imbé,26.824,"0,9777471897",626.814,"23.367,66",754,"29,5","75,82","0,764"
4310363,Imigrante,3.080,"0,9809741248",519.189,"168.567,86",853,0,"75,61","0,743"
4310405,Independência,6.427,"0,9547596607",494.164,"76.888,75",599,"16,51","73,8","0,693"
4310413,Inhacorá,2.014,"0,9063063063",110.556,"54.893,74",444,0,"73,43","0,673"
4310439,Ipê,5.325,"0,9545553381",298.581,"56.071,55",700,0,"74,88","0,728"
4310462,Ipiranga do Sul,1.720,"0,9592668024",177.628,"103.272,09",1152,0,"76,94","0,791"
4310504,Iraí,7.482,"0,9195154331",254.491,"34.013,77",494,0,"74,12","0,691"
4310538,Itaara,5.572,"0,96281885",286.658,"51.446,16",778,0,"75,46","0,76"
4310553,Itacurubi,2.995,"0,935964559",246.285,"82.232,05",419,"28,93","73,25","0,657"
4310579,Itapuca,1.937,"0,9130166564",94.234,"48.649,46",480,0,"75,02","0,664"
4310603,Itaqui,35.768,"0,9536519323",2.186.921,"61.141,83",547,"5,35","75,6","0,713"
4310652,Itati,2.638,"0,9349442379",86.738,"32.880,21",480,0,"74,61","0,669"
4310702,Itatiba do Sul,3.208,"0,9483516484",81.706,"25.469,45",481,0,"73,03","0,681"
4310751,Ivorá,1.929,"0,9439528024",71.910,"37.278,38",608,"53,93","78,13","0,724"
4310801,Ivoti,22.983,"0,9832352323",1.180.383,"51.358,96",916,"3,98","75,88","0,784"
4310850,Jaboticaba,3.779,"0,8960127592",136.729,"36.181,26",412,"53,5","74,2","0,658"
4310876,Jacuizinho,2.040,"0,8947368421",224.026,"109.816,67",487,0,"73,99","0,662"
4310900,Jacutinga,3.338,"0,9484055894",232.300,"69.592,57",604,0,"76,3","0,726"
4311007,Jaguarão,26.603,"0,9570813506",1.059.392,"39.822,28",588,"7,59","74,89","0,707"
4311106,Jaguari,10.579,"0,9603200702",378.018,"35.732,87",628,0,"76,93","0,712"
4311122,Jaquirana,3.690,"0,9162695711",94.041,"25.485,37",389,"55,38","71,73","0,614"
4311130,Jari,3.349,"0,9469476744",469.005,"140.043,30",431,"28,8","75,14","0,631"
4311155,Jóia,7.184,"0,9438448567",975.407,"135.774,92",661,0,"75,48","0,686"
4311205,Júlio de Castilhos,18.226,"0,9570116022",1.925.171,"105.627,73",617,"15,65","74,96","0,716"
4311239,Lagoa Bonita do Sul,2.251,"0,915926893",68.915,"30.615,28",497,0,"73,05","0,67"
4311270,Lagoa dos Três Cantos,1.738,"0,9859451862",157.139,"90.413,69",903,0,"76,14","0,789"
4311304,Lagoa Vermelha,27.659,"0,9592185044",1.513.400,"54.716,37",682,"36,03","78,1","0,738"
4311254,Lagoão,5.341,"0,8342233573",154.689,"28.962,55",374,0,"74,34","0,643"
4311403,Lajeado,93.646,"0,97958035",5.596.169,"59.758,76",988,"15,11","75,41","0,778"
4311429,Lajeado do Bugre,2.601,"0,876719057",74.874,"28.786,62",328,"38,92","74,33","0,613"
4311502,Lavras do Sul,7.157,"0,9343926192",497.626,"69.529,97",551,0,"77,05","0,699"
4311601,Liberato Salzano,4.781,"0,9056984367",172.442,"36.068,19",480,"19,65","73,59","0,685"
4311627,Lindolfo Collor,6.244,"0,969115866",365.848,"58.591,93",595,"16,14","75,5","0,712"
4311643,Linha Nova,1.683,"0,9768707483",65.579,"38.965,54",682,0,"75,73","0,749"
4311718,Maçambará,4.425,"0,9374304783",582.041,"131.534,69",440,0,"74,89","0,684"
4311700,Machadinho,5.735,"0,9314249092",272.823,"47.571,58",571,0,"73,39","0,692"
4311734,Mampituba,3.131,"0,9232604374",70.213,"22.425,10",383,"33,72","73,8","0,649"
4311759,Manoel Viana,6.801,"0,9402985075",546.970,"80.424,94",490,0,"70,96","0,655"
4311775,Maquiné,7.418,"0,9528641571",190.483,"25.678,48",531,0,"77,77","0,682"
4311791,Maratá,2.470,"0,9658653846",80.816,"32.719,03",664,0,"76,74","0,697"
4311809,Marau,45.126,"0,9802436973",3.060.013,"67.810,42",792,"2,19","76,44","0,774"
4311908,Marcelino Ramos,4.320,"0,9580381471",167.824,"38.848,15",657,"23,59","75,03","0,724"
4311981,Mariana Pimentel,3.916,"0,9346642468",104.495,"26.684,12",526,"25,69","76,94","0,701"
4312005,Mariano Moro,1.858,"0,9395638629",72.887,"39.228,74",838,0,"75,55","0,73"
4312054,Marques de Souza,3.969,"0,9555359246",124.134,"31.275,89",738,"25,11","75,94","0,687"
4312104,Mata,4.698,"0,9548419468",169.005,"35.973,82",501,21,"73,39","0,656"
4312138,Mato Castelhano,2.553,"0,9508368201",168.254,"65.904,43",723,"39,32","75,34","0,727"
4312153,Mato Leitão,4.859,"0,9669565217",180.535,"37.154,76",643,0,"76,16","0,746"
4312179,Mato Queimado,1.795,"0,9688535454",88.446,"49.273,54",573,0,"77,22","0,717"
4312203,Maximiliano de Almeida,4.191,"0,951418141",161.122,"38.444,76",509,0,"74,48","0,699"
4312252,Minas do Leão,7.505,"0,9431349926",279.176,"37.198,67",519,0,"74,55","0,681"
4312302,Miraguaí,4.427,"0,940137931",190.385,"43.005,42",581,"40,82","75,21","0,725"
4312351,Montauri,1.499,"0,9396946565",98.137,"65.468,31",962,0,"76,11","0,764"
4312377,Monte Alegre dos Campos,3.180,"0,9190887667",109.729,"34.505,97",422,"61,78","74,29","0,65"
4312385,Monte Belo do Sul,2.557,"0,9861297539",94.434,"36.931,56",756,0,"76,13","0,752"
4312401,Montenegro,63.624,"0,9709151325",5.752.330,"90.411,32",775,"9,06","76,94","0,755"
4312427,Mormaço,2.756,"0,9346689895",153.333,"55.636,07",630,"31,85","76,59","0,714"
4312443,Morrinhos do Sul,3.071,"0,9698310539",81.465,"26.527,19",623,0,"75,51","0,711"
4312450,Morro Redondo,6.046,"0,9412579114",132.443,"21.905,89",558,0,"76,84","0,702"
4312476,Morro Reuter,6.029,"0,9841889518",274.166,"45.474,54",731,0,"76,5","0,743"
4312500,Mostardas,12.090,"0,9212271973",643.323,"53.211,17",536,"23,27","75,94","0,664"
4312609,Muçum,4.601,"0,9607289528",301.851,"65.605,52",780,0,"75,38","0,746"
4312617,Muitos Capões,2.879,"0,9663716814",1.122.084,"389.747,83",712,"31,4","77,39","0,702"
4312625,Muliterno,1.721,"0,9428571429",91.988,"53.450,32",667,0,"73,48","0,689"
4312658,Não-Me-Toque,17.898,"0,9736949707",2.207.531,"123.339,54",865,"22,36","75,8","0,765"
4312674,Nicolau Vergueiro,1.932,"0,9591708543",146.251,"75.699,28",806,0,"75,33","0,753"
4312708,Nonoai,13.719,"0,9154411765",525.504,"38.304,83",556,"17,28","74,98","0,702"
4312757,Nova Alvorada,3.163,"0,951303681",236.574,"74.794,18",695,0,"75,25","0,74"
4312807,Nova Araçá,4.954,"0,9841002168",327.225,"66.052,68",931,"20,44","75,56","0,785"
4312906,Nova Bassano,9.649,"0,9842925512",802.206,"83.138,77",904,0,"75,93","0,747"
4312955,Nova Boa Vista,2.042,"0,9834945931",145.342,"71.176,30",824,0,"75,13","0,768"
4313003,Nova Bréscia,3.044,"0,9795763994",141.143,"46.367,61",1208,0,"75,81","0,778"
4313011,Nova Candelária,3.061,"0,979280688",229.430,"74.952,63",779,0,"76,36","0,759"
4313037,Nova Esperança do Sul,4.865,"0,967221135",172.365,"35.429,60",602,"18,29","75,89","0,735"
4313060,Nova Hartz,20.088,"0,9682252325",805.694,"40.108,22",561,0,"75,14","0,689"
4313086,Nova Pádua,2.343,"0,9751243781",100.211,"42.770,38",802,0,"76,11","0,761"
4313102,Nova Palma,5.586,"0,9760316799",382.687,"68.508,23",758,"46,01","75,44","0,744"
4313201,Nova Petrópolis,23.177,"0,9863311587",972.684,"41.967,64",892,"13,81","78,38","0,78"
4313300,Nova Prata,25.692,"0,9792188164",1.730.037,"67.337,58",868,"17,84","75,36","0,766"
4313334,Nova Ramada,2.163,"0,9612868048",304.677,"140.858,53",735,0,"75,84","0,742"
4313359,Nova Roma do Sul,3.466,"0,9737628695",169.304,"48.847,09",858,0,"76,06","0,741"
4313375,Nova Santa Rita,29.024,"0,9700506496",2.487.515,"85.705,45",647,"16,4","76,2","0,718"
4313490,Novo Barreiro,4.272,"0,9252791297",135.199,"31.647,71",519,0,"73,45","0,706"
4313391,Novo Cabrais,3.568,"0,9472811671",133.170,"37.323,43",522,0,"76,12","0,688"
4313409,Novo Hamburgo,227.732,"0,9771787655",10.037.889,"44.077,64",853,"11,32","76,11","0,747"
4313425,Novo Machado,3.198,"0,9468280161",186.353,"58.271,73",480,0,"72,74","0,663"
4313441,Novo Tiradentes,2.146,"0,9238095238",74.728,"34.821,99",477,0,"73,3","0,676"
4313466,Novo Xingu,1.646,"0,9537237889",75.033,"45.585,05",698,0,76,"0,767"
4313508,Osório,47.400,"0,9715470935",1.819.024,"38.376,03",792,"14,95","76,18","0,751"
4313607,Paim Filho,3.629,"0,9576619273",167.644,"46.195,65",557,"26,8","77,17","0,706"
4313656,Palmares do Sul,12.844,"0,9471185797",735.603,"57.272,11",576,"17,63","76,12","0,715"
4313706,Palmeira das Missões,33.216,"0,9367764583",2.215.050,"66.686,24",605,"24,26","74,83","0,737"
4313805,Palmitinho,7.839,"0,9300296089",271.641,"34.652,51",542,0,"75,13","0,72"
4313904,Panambi,43.515,"0,9789106185",3.167.743,"72.796,58",746,0,"75,9","0,761"
4313953,Pantano Grande,10.212,"0,926764635",533.687,"52.260,77",478,0,"73,93","0,661"
4314001,Paraí,7.194,"0,9824590435",424.445,"58.999,86",876,0,"76,97","0,773"
4314027,Paraíso do Sul,6.519,"0,9408795963",207.384,"31.812,24",538,0,"74,84","0,676"
4314035,Pareci Novo,4.319,"0,980979021",136.434,"31.589,26",718,0,"76,12","0,749"
4314050,Parobé,52.058,"0,9664411758",1.390.312,"26.706,98",567,"5,04","78,18","0,704"
4314068,Passa Sete,3.982,"0,9085164008",132.982,"33.395,78",385,"17,27","71,94","0,622"
4314076,Passo do Sobrado,6.025,"0,9606048548",229.640,"38.114,52",639,0,"76,04","0,698"
4314100,Passo Fundo,206.224,"0,9754544748",12.552.833,"60.869,89",903,"18,92","75,95","0,776"
4314134,Paulo Bento,2.144,"0,9662676823",195.869,"91.356,81",693,0,"76,49","0,71"
4314159,Paverama,7.978,"0,9618611747",242.456,"30.390,57",566,"11,7","75,42","0,683"
4314175,Pedras Altas,2.061,"0,9253266957",386.189,"187.379,43",421,"51,86","74,19","0,64"
4314209,Pedro Osório,7.484,"0,936007796",270.650,"36.163,82",475,0,"74,76","0,678"
4314308,Pejuçara,3.745,"0,96928",464.211,"123.954,87",748,0,"77,03","0,741"
4314407,Pelotas,325.689,"0,9719847453",10.778.119,"33.093,29",755,"8,43","75,64","0,739"
4314423,Picada Café,5.351,"0,9846598488",386.451,"72.220,33",738,0,"75,5","0,758"
4314456,Pinhal,2.959,"0,9221757322",123.341,"41.683,34",557,"38,74","76,12","0,72"
4314464,Pinhal da Serra,2.248,"0,9307359307",304.723,"135.552,94",429,"52,74","75,1","0,65"
4314472,Pinhal Grande,3.805,"0,9483292079",931.832,"244.896,71",491,"23,2","73,25","0,678"
4314498,Pinheirinho do Vale,4.540,"0,9155276107",131.547,"28.975,11",604,"20,3","74,65","0,71"
4314506,Pinheiro Machado,11.214,"0,929004145",397.723,"35.466,65",524,0,"75,73","0,661"
4314548,Pinto Bandeira,2.723,"0,9752711497",74.285,"27.280,57",-,0,-,-
4314555,Pirapó,2.260,"0,899120538",94.670,"41.889,38",460,0,"74,46","0,669"
4314605,Piratini,17.502,"0,9269571137",880.273,"50.295,57",458,"9,64","74,24","0,658"
4314704,Planalto,10.406,"0,9202089765",252.506,"24.265,42",471,0,"73,41","0,687"
4314753,Poço das Antas,2.171,"0,978583196",131.756,"60.689,08",714,0,"77,63","0,744"
4314779,Pontão,3.296,"0,9607916355",403.316,"122.365,29",537,0,"76,86","0,725"
4314787,Ponte Preta,1.575,"0,9596412556",96.048,"60.982,86",659,0,"77,44","0,725"
4314803,Portão,34.072,"0,9711908741",1.662.398,"48.790,74",623,"23,63","76,37","0,713"
4314902,Porto Alegre,1.332.570,"0,9826336577",81.562.848,"61.207,18",1431,"21,37","76,42","0,805"
4315008,Porto Lucena,4.360,"0,9285337553",135.661,"31.114,91",531,"88,61","74,62","0,693"
4315057,Porto Mauá,2.142,"0,948940793",89.349,"41.712,89",475,0,"74,87","0,698"
4315073,Porto Vera Cruz,1.560,"0,9229041916",45.211,"28.981,41",458,0,"74,61","0,69"
4315107,Porto Xavier,9.938,"0,9330324469",210.925,"21.224,09",518,"19,71","77,53","0,723"
4315131,Pouso Novo,1.739,"0,9170096022",61.419,"35.318,57",784,0,"75,68","0,715"
4315149,Presidente Lucena,3.077,"0,9772817856",213.812,"69.487,16",693,0,"78,12","0,757"
4315156,Progresso,5.340,"0,9224634471",166.516,"31.182,77",580,"32,07","76,66","0,683"
4315172,Protásio Alves,2.025,"0,9523255814",93.263,"46.055,80",863,0,"75,36","0,733"
4315206,Putinga,3.747,"0,9529595016",133.442,"35.613,02",675,0,"77,39","0,715"
4315305,Quaraí,23.500,"0,9613541999",625.749,"26.627,62",494,"8,87","76,14","0,704"
4315313,Quatro Irmãos,1.552,"0,9432176656",185.962,"119.820,88",481,0,"74,98","0,689"
4315321,Quevedos,2.507,"0,9360795455",299.302,"119.386,52",449,0,"74,45","0,665"
4315354,Quinze de Novembro,3.910,"0,9756706176",255.120,"65.248,08",1016,0,"75,48","0,756"
4315404,Redentora,9.738,"0,9060580681",232.903,"23.916,92",313,"16,97","72,52","0,631"
4315453,Relvado,1.796,"0,9651015228",82.687,"46.039,53",682,0,"77,05","0,731"
4315503,Restinga Sêca,14.939,"0,9467039553",673.420,"45.077,98",587,"19,1","74,7","0,683"
4315552,Rio dos Índios,2.835,"0,8956819153",136.484,"48.142,50",434,0,"73,21","0,656"
4315602,Rio Grande,191.900,"0,9672754995",13.282.154,"69.213,93",723,"18,32","76,66","0,744"
4315701,Rio Pardo,34.654,"0,9428880061",1.390.518,"40.125,76",553,"13,06","75,75","0,693"
4315750,Riozinho,4.473,"0,9354750885",155.848,"34.841,94",539,0,"78,11","0,661"
4315800,Roca Sales,10.418,"0,9757192175",576.081,"55.296,70",707,"17,3","76,15","0,729"
4315909,Rodeio Bonito,6.654,"0,9444031238",279.278,"41.971,45",685,"17,04","75,53","0,732"
4315958,Rolador,2.291,"0,9337816865",161.912,"70.673,07",446,0,"75,06","0,689"
4316006,Rolante,21.253,"0,9586653672",731.607,"34.423,70",599,"4,63","74,8","0,688"
4316105,Ronda Alta,9.777,"0,943488024",471.552,"48.230,75",644,"18,8","77,03","0,724"
4316204,Rondinha,4.991,"0,960550887",268.873,"53.871,57",795,0,"75,53","0,764"
4316303,Roque Gonzales,6.576,"0,9456834532",437.025,"66.457,57",529,0,"75,55","0,688"
4316402,Rosário do Sul,36.630,"0,9500249377",1.381.969,"37.727,79",569,"12,75","75,47","0,699"
4316428,Sagrada Família,2.480,"0,9287804878",82.615,"33.312,50",402,0,"71,9","0,678"
4316436,Saldanha Marinho,2.575,"0,9635440701",254.247,"98.736,70",807,0,"75,48","0,762"
4316451,Salto do Jacuí,10.203,"0,9320270924",1.213.455,"118.931,20",576,"7,99","75,23","0,687"
4316477,Salvador das Missões,2.877,"0,9865525672",178.468,"62.032,67",626,0,"76,04","0,753"
4316501,Salvador do Sul,6.879,"0,9793438639",337.661,"49.085,77",758,"12,53","75,57","0,74"
4316600,Sananduva,16.399,"0,9670266379",843.823,"51.455,76",753,0,"75,55","0,747"
4317103,SantAna do Livramento,84.421,"0,970888413",2.823.913,"33.450,36",598,"18,5","75,77","0,727"
4316709,Santa Bárbara do Sul,8.122,"0,9581777446",1.336.027,"164.494,83",756,0,"75,48","0,725"
4316733,Santa Cecília do Sul,1.674,"0,9565217391",143.879,"85.949,22",797,0,"75,34","0,725"
4316758,Santa Clara do Sul,6.887,"0,977972028",339.105,"49.238,42",759,"14,8","75,57","0,74"
4316808,Santa Cruz do Sul,133.230,"0,9782424516",9.815.170,"73.670,87",886,"10,58","76,1","0,773"
4316972,Santa Margarida do Sul,2.596,"0,9060114504",361.014,"139.065,49",571,0,"77,22","0,663"
4316907,Santa Maria,271.633,"0,979255234",9.562.027,"35.202,01",956,"19,28","75,89","0,784"
4316956,Santa Maria do Herval,6.340,"0,9793852384",279.408,"44.070,66",626,"31,33","75,77","0,676"
4317202,Santa Rosa,76.963,"0,9758509222",3.732.037,"48.491,31",764,"17,59","77,25","0,769"
4317251,Santa Tereza,1.505,"0,978422619",49.850,"33.122,92",806,0,"76,17","0,746"
4317301,Santa Vitória do Palmar,30.983,"0,9580114874",1.755.622,"56.664,04",567,"37,54","76,66","0,712"
4317004,Santana da Boa Vista,7.024,"0,9152398712",364.899,"51.950,31",375,"24,88","73,13","0,633"
4317400,Santiago,48.938,"0,9676450479",2.021.444,"41.306,22",726,"4,05","77,93","0,766"
4317509,Santo Ângelo,76.917,"0,970477656",3.180.262,"41.346,67",803,"16,76","76,78","0,772"
4317608,Santo Antônio da Patrulha,42.942,"0,9415376779",1.680.497,"39.134,11",613,"4,6","76,97","0,717"
4317707,Santo Antônio das Missões,10.300,"0,928638608",673.944,"65.431,46",443,"40,28","75,1","0,686"
4317558,Santo Antônio do Palma,2.091,"0,9648917496",119.796,"57.291,25",882,"47,21","76,15","0,764"
4317756,Santo Antônio do Planalto,2.089,"0,9682912507",189.468,"90.697,94",564,0,"78,11","0,759"
4317806,Santo Augusto,13.902,"0,9383940325",848.436,"61.029,78",708,"7,23","75,42","0,739"
4317905,Santo Cristo,15.320,"0,9751394052",784.068,"51.179,37",728,"14,1","74,2","0,738"
4317954,Santo Expedito do Sul,2.349,"0,9276681841",128.952,"54.896,55",555,"43,72","76,15","0,732"
4318002,São Borja,59.676,"0,9492446139",2.570.755,"43.078,54",585,"16,73","76,61","0,736"
4318051,São Domingos do Sul,2.754,"0,9715860899",123.435,"44.820,26",835,0,"75,33","0,763"
4318101,São Francisco de Assis,17.618,"0,9330140313",804.119,"45.641,90",509,"5,53","74,1","0,675"
4318200,São Francisco de Paula,21.893,"0,9507071424",1.026.513,"46.887,73",556,"22,86","76,57","0,685"
4318309,São Gabriel,58.487,"0,9410051905",2.723.183,"46.560,48",619,"12,86","74,31","0,699"
4318408,São Jerônimo,21.028,"0,9428455614",667.010,"31.720,09",665,"4,07","74,34","0,696"
4318424,São João da Urtiga,4.461,"0,9394723228",184.148,"41.279,53",599,0,"74,67","0,694"
4318432,São João do Polêsine,2.649,"0,9742907801",104.817,"39.568,52",721,0,"75,84","0,748"
4318440,São Jorge,2.912,"0,9766974689",133.331,"45.786,74",782,0,"75,73","0,732"
4318457,São José das Missões,2.362,"0,9228426396",93.350,"39.521,59",432,"40,14","71,9","0,651"
4318465,São José do Herval,1.902,"0,8967948718",59.112,"31.078,86",537,"52,16","75,8","0,717"
4318481,São José do Hortêncio,4.447,"0,9827035657",117.865,"26.504,38",640,0,"74,46","0,707"
4318499,São José do Inhacorá,2.406,"0,9722897423",183.793,"76.389,44",671,"49,01","74,29","0,747"
4318507,São José do Norte,25.443,"0,8816506372",792.698,"31.155,84",418,"14,35","72,52","0,623"
4318606,São José do Ouro,6.834,"0,9478126076",463.017,"67.751,98",708,0,"75,73","0,755"
4318614,São José do Sul,2.285,"0,9819277108",94.018,"41.145,73",852,0,"75,14","0,725"
4318622,São José dos Ausentes,4.172,"0,9599109131",155.631,"37.303,69",473,"28,09","73,05","0,663"
4318705,São Leopoldo,217.410,"0,9761494792",10.855.366,"49.930,39",802,"14,14","76,65","0,739"
4318804,São Lourenço do Sul,41.989,"0,9605675119",1.701.063,"40.512,11",604,"2,29","75,95","0,687"
4318903,São Luiz Gonzaga,34.752,"0,9565171355",1.903.777,"54.781,80",652,"12,07","76,31","0,741"
4319000,São Marcos,21.084,"0,9796044153",1.145.389,"54.325,03",815,"4,59","76,31","0,768"
4319109,São Martinho,5.481,"0,9579175705",354.028,"64.591,86",736,0,"74,78","0,726"
4319125,São Martinho da Serra,2.822,"0,9252801993",336.098,"119.099,22",798,0,"75,89","0,652"
4319158,São Miguel das Missões,7.056,"0,9480474798",867.928,"123.005,67",521,13,"74,26","0,667"
4319208,São Nicolau,5.118,"0,8951651508",228.045,"44.557,44",404,"97,03","71,69","0,645"
4319307,São Paulo das Missões,5.846,"0,9492811502",200.547,"34.304,99",481,"17,68","74,52","0,692"
4319356,São Pedro da Serra,3.548,"0,9727427598",113.227,"31.912,91",719,0,"76,03","0,739"
4319364,São Pedro das Missões,1.757,"0,9149085795",114.177,"64.984,06",413,0,"73,26","0,664"
4319372,São Pedro do Butiá,3.070,"0,9811175337",161.663,"52.658,96",816,0,"75,55","0,763"
4319406,São Pedro do Sul,15.577,"0,961346729",532.255,"34.169,29",549,"12,42","74,45","0,709"
4319505,São Sebastião do Caí,24.428,"0,9694062092",899.457,"36.820,74",705,0,"76,11","0,739"
4319604,São Sepé,21.219,"0,9448974969",1.331.316,"62.741,69",599,"8,51","77,23","0,708"
4319703,São Valentim,3.264,"0,9206748026",135.540,"41.525,74",658,"31,05","74,18","0,72"
4319711,São Valentim do Sul,2.207,"0,9829424307",95.575,"43.305,39",926,0,"75,9","0,764"
4319737,São Valério do Sul,2.543,"0,9047861507",90.429,"35.559,97",487,0,"73,97","0,642"
4319752,São Vendelino,2.251,"0,9867303609",95.747,"42.535,32",790,0,"76,14","0,754"
4319802,São Vicente do Sul,8.097,"0,9546678636",730.553,"90.225,15",561,"11,43","74,86","0,685"
4319901,Sapiranga,75.648,"0,9721597162",3.615.584,"47.794,84",636,"4,96","74,93","0,711"
4320008,Sapucaia do Sul,132.107,"0,9734842135",4.204.060,"31.823,14",633,"15,43","75,65","0,726"
4320107,Sarandi,22.851,"0,9697247706",1.299.134,"56.852,39",799,"15,98","76,5","0,777"
4320206,Seberi,11.950,"0,9504797276",617.243,"51.652,13",530,"9,36","76,91","0,723"
4320230,Sede Nova,2.704,"0,9293381038",157.534,"58.259,62",598,"34,78","78,13","0,712"
4320263,Segredo,6.009,"0,9162650602",163.087,"27.140,46",472,"13,39","73,63","0,659"
4320305,Selbach,5.107,"0,9721894886",375.173,"73.462,50",975,"19,55","75,47","0,777"
4320321,Senador Salgado Filho,2.673,"0,9483985765",149.058,"55.764,31",519,0,"74,02","0,693"
4320354,Sentinela do Sul,5.306,"0,9358860196",136.266,"25.681,49",445,"70,98","74,57","0,671"
4320404,Serafina Corrêa,16.961,"0,9780046003",782.299,"46.123,40",794,"11,06","75,56","0,76"
4320453,Sério,1.941,"0,9096889952",59.571,"30.690,88",546,0,"75,82","0,652"
4320503,Sertão,5.541,"0,9668155712",534.501,"96.462,91",764,0,"75,23","0,751"
4320552,Sertão Santana,5.863,"0,9531156081",314.766,"53.686,85",679,0,"74,94","0,689"
4320578,Sete de Setembro,1.830,"0,9571518589",105.651,"57.732,79",475,0,"73,57","0,683"
4320602,Severiano de Almeida,3.406,"0,9672413793",149.412,"43.867,29",627,0,"76,66","0,752"
4320651,Silveira Martins,2.149,"0,9631760644",86.630,"40.311,77",700,0,"76,14","0,742"
4320677,Sinimbu,8.578,"0,9440959913",213.480,"24.886,92",521,0,"72,5","0,631"
4320701,Sobradinho,14.226,"0,9522344698",438.641,"30.833,76",643,"13,29","76,66","0,743"
4320800,Soledade,29.991,"0,9443853766",1.405.191,"46.853,76",603,"38,62","76,66","0,731"
4320859,Tabaí,4.461,"0,9468233977",142.085,"31.850,48",560,0,"75,05","0,701"
4320909,Tapejara,24.557,"0,9768704747",1.644.543,"66.968,40",803,"16,01","75,23","0,76"
4321006,Tapera,10.592,"0,9537907814",640.273,"60.448,73",706,0,"75,07","0,747"
4321105,Tapes,14.659,"0,9432943294",603.911,"41.197,28",574,"51,83","76,69","0,695"
4321204,Taquara,53.242,"0,9666968158",1.568.872,"29.466,81",738,"20,78","77,82","0,727"
4321303,Taquari,25.198,"0,9545963307",1.094.080,"43.419,32",667,"7,43","75,95","0,733"
4321329,Taquaruçu do Sul,3.119,"0,9485380117",188.857,"60.550,50",681,0,"74,8","0,739"
4321352,Tavares,5.212,"0,9125492925",124.253,"23.839,79",544,"54,7","74,69","0,656"
4321402,Tenente Portela,14.497,"0,9422626788",579.213,"39.953,99",570,"37,35","74,81","0,708"
4321436,Terra de Areia,10.286,"0,9539577039",291.338,"28.323,74",557,0,"74,75","0,689"
4321451,Teutônia,32.797,"0,9861504095",1.576.004,"48.053,30",761,"5,83","76,31","0,747"
4321469,Tio Hugo,3.267,"0,9640947288",174.783,"53.499,54",616,0,"75,69","0,742"
4321477,Tiradentes do Sul,5.129,"0,938674812",196.241,"38.261,06",506,0,"73,92","0,689"
4321493,Toropi,2.554,"0,9581056466",101.333,"39.676,19",488,"72,64","74,34","0,683"
4321501,Torres,41.751,"0,9714061774",1.382.097,"33.103,33",770,"20,31","76,73","0,762"
4321600,Tramandaí,54.387,"0,9754772157",1.234.544,"22.699,25",668,"24,29","75,51","0,719"
4321626,Travesseiro,2.152,"0,9719428269",78.087,"36.285,78",743,0,"75,32","0,701"
4321634,Três Arroios,2.591,"0,9706517048",141.196,"54.494,79",901,0,"76,08","0,791"
4321667,Três Cachoeiras,10.962,"0,9674860335",308.568,"28.148,88",619,"8,94","75,82","0,718"
4321709,Três Coroas,24.425,"0,9681763163",805.145,"32.963,97",690,"6,9","74,75","0,71"
4321808,Três de Maio,24.916,"0,9702375182",1.353.671,"54.329,39",727,"16,77","75,02","0,759"
4321832,Três Forquilhas,2.760,"0,9212494501",64.218,"23.267,39",430,"37,83","73,8","0,662"
4321857,Três Palmeiras,4.716,"0,9368109707",178.529,"37.856,02",645,0,"74,92","0,703"
4321907,Três Passos,25.436,"0,964290802",1.033.028,"40.612,83",709,"25,21","76,47","0,768"
4321956,Trindade do Sul,7.556,"0,9300941993",351.369,"46.501,99",480,"34,59","72,19","0,687"
4322004,Triunfo,27.498,"0,9567412664",12.982.386,"472.121,10",598,"3,31","77,35","0,733"
4322103,Tucunduva,5.542,"0,9619827767",259.330,"46.793,58",706,"35,63","73,95","0,747"
4322152,Tunas,3.681,"0,8459214502",120.844,"32.829,12",414,"87,24","72,61","0,657"
4322186,Tupanci do Sul,1.374,"0,9380378657",94.727,"68.942,50",528,0,"74,09","0,694"
4322202,Tupanciretã,20.005,"0,9535402342",2.052.009,"102.574,81",609,"8,27","74,67","0,709"
4322251,Tupandi,5.029,"0,9847403397",533.592,"106.103,00",772,0,"75,18","0,718"
4322301,Tuparendi,8.363,"0,96850063",383.533,"45.860,70",670,"25,87","74,91","0,728"
4322327,Turuçu,3.419,"0,9401322659",163.726,"47.887,10",487,0,"73,81","0,629"
4322343,Ubiretama,1.994,"0,9670520231",110.732,"55.532,60",514,0,"73,55","0,7"
4322350,União da Serra,1.170,"0,9677103718",91.173,"77.925,64",928,0,"76,14","0,733"
4322376,Unistalda,1.995,"0,9382422803",149.066,"74.719,80",400,0,"73,25","0,649"
4322400,Uruguaiana,117.210,"0,9713264358",3.717.091,"31.713,09",600,"26,03","76,8","0,744"
4322509,Vacaria,64.187,"0,9696732538",3.245.665,"50.565,77",681,"22,41","75,25","0,721"
4322533,Vale do Sol,9.617,"0,9501296864",272.712,"28.357,28",453,"8,42","73,78","0,624"
4322541,Vale Real,6.058,"0,982832618",198.293,"32.732,42",744,0,"76,01","0,737"
4322525,Vale Verde,3.150,"0,9338624339",130.452,"41.413,33",457,"28,32","73,93","0,646"
4322558,Vanini,2.004,"0,9510774607",94.775,"47.292,91",644,0,"75,13","0,757"
4322608,Venâncio Aires,68.653,"0,9632648096",3.732.030,"54.360,77",658,"12,43","74,09","0,712"
4322707,Vera Cruz,26.710,"0,9690568417",826.716,"30.951,55",609,"10,97","75,52","0,737"
4322806,Veranópolis,24.021,"0,983453729",1.738.702,"72.382,58",869,"14,91","75,29","0,773"
4322855,Vespasiano Corrêa,1.818,"0,9594936709",119.439,"65.698,02",746,0,"76,31","0,723"
4322905,Viadutos,4.769,"0,9551188743",204.581,"42.898,09",603,0,"76,81","0,702"
4323002,Viamão,224.116,"0,9710064646",4.335.050,"19.342,88",605,"23,7","76,95","0,717"
4323101,Vicente Dutra,4.665,"0,9149972929",126.513,"27.119,61",380,"22,07","73,52","0,638"
4323200,Victor Graeff,2.780,"0,9801894918",295.870,"106.428,06",912,"35,21","75,37","0,777"
4323309,Vila Flores,3.646,"0,9741465031",297.552,"81.610,53",666,"29,35","77,04","0,742"
4323358,Vila Lângaro,2.079,"0,9587570621",168.931,"81.255,89",837,0,"75,34","0,705"
4323408,Vila Maria,4.413,"0,9628832706",389.405,"88.240,43",937,0,"75,33","0,761"
4323457,Vila Nova do Sul,3.863,"0,9396630934",195.941,"50.722,50",436,0,"74,62","0,662"
4323507,Vista Alegre,2.660,"0,9454217411",137.063,"51.527,44",800,0,"75,53","0,739"
4323606,Vista Alegre do Prata,1.590,"0,9791976226",85.228,"53.602,52",1026,0,"75,83","0,78"
4323705,Vista Gaúcha,2.783,"0,9585133967",103.512,"37.194,39",785,0,"75,33","0,757"
4323754,Vitória das Missões,3.260,"0,9300724638",159.527,"48.934,66",422,0,"73,55","0,655"
4323770,Westfália,3.098,"0,9895104895",264.839,"85.487,09",980,0,"75,96","0,752"
4323804,Xangri-lá,16.463,"0,9796914968",733.151,"44.533,26",716,"11,67","76,11","0,735"